epoch,time,train/box_loss,train/cls_loss,train/dfl_loss,metrics/precision(B),metrics/recall(B),metrics/mAP50(B),metrics/mAP50-95(B),val/box_loss,val/cls_loss,val/dfl_loss,lr/pg0,lr/pg1,lr/pg2
1,1.23325,0,11.8572,0,0,0,0,0,0,1.63058,0,0.0991,0.0001,0.0001
2,2.28442,0,6.18082,0,0,0,0,0,0,0.67716,0,0.0972999,0.000299927,0.000299927
1,1.24012,0,1.78074,0,0,0,0,0,0,1.30726,0,0.0937,0.0007,0.0007
2,2.73525,0,1.36986,0,0,0,0,0,0,1.30726,0,0.0864985,0.00149853,0.00149853
3,3.81224,0,1.26529,0,0,0,0,0,0,0.94112,0,0.079291,0.00229102,0.00229102
4,4.87435,0,0.9621,0,0,0,0,0,0,0.94112,0,0.0720728,0.00307282,0.00307282
5,5.93612,0,0.9617,0,0,0,0,0,0,0.94112,0,0.0648393,0.00383935,0.00383935
6,7.0338,0,0.96212,0,0,0,0,0,0,0.94112,0,0.0575861,0.00458613,0.00458613
7,8.11716,0,0.96195,0,0,0,0,0,0,0.94112,0,0.0503088,0.00530882,0.00530882
8,9.22568,0,0.8248,0,0,0,0,0,0,0.7201,0,0.0430032,0.0060032,0.0060032
9,10.2814,0,0.68557,0,0,0,0,0,0,0.7201,0,0.0356653,0.00666528,0.00666528
10,11.3731,0,0.68634,0,0,0,0,0,0,0.7201,0,0.0282912,0.00729124,0.00729124
11,12.45,0,0.6852,0,0,0,0,0,0,0.7201,0,0.0208775,0.00787753,0.00787753
12,13.5725,0,0.68605,0,0,0,0,0,0,0.7201,0,0.0134208,0.00842084,0.00842084
13,14.7038,0,0.68704,0,0,0,0,0,0,0.7201,0,0.00865839,0.00865839,0.00865839
14,15.7846,0,0.68622,0,0,0,0,0,0,0.7201,0,0.00843851,0.00843851,0.00843851
15,16.8538,0,0.68596,0,0,0,0,0,0,0.7201,0,0.00820525,0.00820525,0.00820525
16,17.9843,0,0.62304,0,0,0,0,0,0,0.59822,0,0.00795954,0.00795954,0.00795954
17,19.0622,0,0.55995,0,0,0,0,0,0,0.59822,0,0.00770234,0.00770234,0.00770234
18,20.1808,0,0.5597,0,0,0,0,0,0,0.59822,0,0.00743468,0.00743468,0.00743468
19,21.2656,0,0.5607,0,0,0,0,0,0,0.59822,0,0.00715761,0.00715761,0.00715761
20,22.3761,0,0.55988,0,0,0,0,0,0,0.59822,0,0.00687222,0.00687222,0.00687222
21,23.4641,0,0.5605,0,0,0,0,0,0,0.59822,0,0.00657963,0.00657963,0.00657963
22,24.5521,0,0.56108,0,0,0,0,0,0,0.59822,0,0.00628101,0.00628101,0.00628101
23,25.6241,0,0.56014,0,0,0,0,0,0,0.59822,0,0.00597754,0.00597754,0.00597754
24,26.856,0,0.51691,0,0,0,0,0,0,0.46026,0,0.0056704,0.0056704,0.0056704
25,27.9383,0,0.47437,0,0,0,0,0,0,0.46026,0,0.00536081,0.00536081,0.00536081
26,29.0475,0,0.47302,0,0,0,0,0,0,0.46026,0,0.00505,0.00505,0.00505
27,30.1247,0,0.47425,0,0,0,0,0,0,0.46026,0,0.00473919,0.00473919,0.00473919
28,31.2539,0,0.47382,0,0,0,0,0,0,0.46026,0,0.0044296,0.0044296,0.0044296
29,32.322,0,0.47343,0,0,0,0,0,0,0.46026,0,0.00412246,0.00412246,0.00412246
30,33.4016,0,0.47308,0,0,0,0,0,0,0.46026,0,0.00381899,0.00381899,0.00381899
31,34.4869,0,0.47303,0,0,0,0,0,0,0.46026,0,0.00352037,0.00352037,0.00352037
32,35.5917,0,0.4499,0,0,0,0,0,0,0.41507,0,0.00322778,0.00322778,0.00322778
33,36.6754,0,0.42469,0,0,0,0,0,0,0.41507,0,0.00294239,0.00294239,0.00294239
34,37.762,0,0.424,0,0,0,0,0,0,0.41507,0,0.00266532,0.00266532,0.00266532
35,38.8513,0,0.42517,0,0,0,0,0,0,0.41507,0,0.00239766,0.00239766,0.00239766
36,39.9906,0,0.4256,0,0,0,0,0,0,0.41507,0,0.00214046,0.00214046,0.00214046
37,41.0773,0,0.42497,0,0,0,0,0,0,0.41507,0,0.00189475,0.00189475,0.00189475
38,42.198,0,0.42478,0,0,0,0,0,0,0.41507,0,0.00166149,0.00166149,0.00166149
39,43.4021,0,0.42365,0,0,0,0,0,0,0.41507,0,0.00144161,0.00144161,0.00144161
40,44.5097,0,0.41535,0,0,0,0,0,0,0.4046,0,0.00123596,0.00123596,0.00123596
41,45.5965,0,0.40491,0,0,0,0,0,0,0.4046,0,0.00104537,0.00104537,0.00104537
42,46.6937,0,0.40556,0,0,0,0,0,0,0.4046,0,0.000870577,0.000870577,0.000870577
43,47.7605,0,0.40748,0,0,0,0,0,0,0.4046,0,0.000712282,0.000712282,0.000712282
44,48.838,0,0.40669,0,0,0,0,0,0,0.4046,0,0.000571106,0.000571106,0.000571106
45,49.9074,0,0.40602,0,0,0,0,0,0,0.4046,0,0.000447606,0.000447606,0.000447606
46,51.0135,0,0.40572,0,0,0,0,0,0,0.4046,0,0.00034227,0.00034227,0.00034227
47,52.1141,0,0.40508,0,0,0,0,0,0,0.4046,0,0.000255513,0.000255513,0.000255513
48,53.2169,0,0.4046,0,0,0,0,0,0,0.40475,0,0.000187678,0.000187678,0.000187678
49,54.3289,0,0.40463,0,0,0,0,0,0,0.40475,0,0.000139032,0.000139032,0.000139032
50,55.4106,0,0.4035,0,0,0,0,0,0,0.40475,0,0.000109768,0.000109768,0.000109768
1,1.28502,2.08082,4.05894,1.50015,0.00228,0.06667,0.00144,0.00072,1.94419,4.13509,1.09645,0.0937,0.0007,0.0007
2,2.81224,1.87467,3.95763,1.30091,0.00228,0.06667,0.00144,0.00072,1.94419,4.13509,1.09645,0.0864985,0.00149853,0.00149853
3,3.98981,2.31247,4.07121,1.41048,0.00525,0.13333,0.00622,0.00106,2.16227,4.05363,1.06996,0.079291,0.00229102,0.00229102
4,5.1387,2.25965,4.04549,1.39481,0.00525,0.13333,0.00622,0.00106,2.16227,4.05363,1.06996,0.0720728,0.00307282,0.00307282
5,6.27681,1.96374,4.00088,1.34033,0.00525,0.13333,0.00622,0.00106,2.16227,4.05363,1.06996,0.0648393,0.00383935,0.00383935
6,7.42623,2.51874,3.9398,1.55376,0.00525,0.13333,0.00622,0.00106,2.16227,4.05363,1.06996,0.0575861,0.00458613,0.00458613
7,8.61008,2.00067,4.05098,1.35312,0.00525,0.13333,0.00622,0.00106,2.16227,4.05363,1.06996,0.0503088,0.00530882,0.00530882
8,9.86938,1.90324,3.86531,1.27932,0,0,0,0,2.85372,4.22422,1.4083,0.0430032,0.0060032,0.0060032
9,11.0681,1.9345,3.94733,1.24203,0,0,0,0,2.85372,4.22422,1.4083,0.0356653,0.00666528,0.00666528
10,12.2246,2.1913,3.92629,1.27447,0,0,0,0,2.85372,4.22422,1.4083,0.0282912,0.00729124,0.00729124
11,13.3882,1.98558,3.90391,1.31226,0,0,0,0,2.85372,4.22422,1.4083,0.0208775,0.00787753,0.00787753
12,14.5435,1.99046,3.82984,1.25938,0,0,0,0,2.85372,4.22422,1.4083,0.0134208,0.00842084,0.00842084
13,15.6948,2.15448,3.92884,1.34215,0,0,0,0,2.85372,4.22422,1.4083,0.00865839,0.00865839,0.00865839
14,16.8458,2.15585,3.89537,1.30361,0,0,0,0,2.85372,4.22422,1.4083,0.00843851,0.00843851,0.00843851
15,17.9861,1.99548,3.85004,1.26705,0,0,0,0,2.85372,4.22422,1.4083,0.00820525,0.00820525,0.00820525
16,19.2374,2.05309,3.81304,1.14923,0.02266,0.4,0.04065,0.01319,2.66977,3.76649,1.11919,0.00795954,0.00795954,0.00795954
17,20.4088,1.76664,3.6499,1.12686,0.02266,0.4,0.04065,0.01319,2.66977,3.76649,1.11919,0.00770234,0.00770234,0.00770234
18,21.5603,1.91409,3.71072,1.13943,0.02266,0.4,0.04065,0.01319,2.66977,3.76649,1.11919,0.00743468,0.00743468,0.00743468
19,22.693,2.01792,3.81484,1.25624,0.02266,0.4,0.04065,0.01319,2.66977,3.76649,1.11919,0.00715761,0.00715761,0.00715761
20,23.8387,2.14487,3.82534,1.27362,0.02266,0.4,0.04065,0.01319,2.66977,3.76649,1.11919,0.00687222,0.00687222,0.00687222
21,24.9785,2.0686,3.80654,1.16307,0.02266,0.4,0.04065,0.01319,2.66977,3.76649,1.11919,0.00657963,0.00657963,0.00657963
22,26.1184,2.05893,3.77604,1.176,0.02266,0.4,0.04065,0.01319,2.66977,3.76649,1.11919,0.00628101,0.00628101,0.00628101
23,27.2769,1.92367,3.6736,1.13503,0.02266,0.4,0.04065,0.01319,2.66977,3.76649,1.11919,0.00597754,0.00597754,0.00597754
24,28.475,2.0166,3.56297,1.1019,0.02159,0.4,0.03552,0.01505,2.46589,3.45251,1.12311,0.0056704,0.0056704,0.0056704
25,29.6844,1.76213,3.46582,1.0986,0.02159,0.4,0.03552,0.01505,2.46589,3.45251,1.12311,0.00536081,0.00536081,0.00536081
26,30.8492,1.91358,3.58096,1.17443,0.02159,0.4,0.03552,0.01505,2.46589,3.45251,1.12311,0.00505,0.00505,0.00505
27,32.0303,1.91531,3.60956,1.13884,0.02159,0.4,0.03552,0.01505,2.46589,3.45251,1.12311,0.00473919,0.00473919,0.00473919
28,33.1939,1.83249,3.52997,1.16046,0.02159,0.4,0.03552,0.01505,2.46589,3.45251,1.12311,0.0044296,0.0044296,0.0044296
29,34.3449,1.77465,3.53201,1.0864,0.02159,0.4,0.03552,0.01505,2.46589,3.45251,1.12311,0.00412246,0.00412246,0.00412246
30,35.5251,1.98805,3.59286,1.13237,0.02159,0.4,0.03552,0.01505,2.46589,3.45251,1.12311,0.00381899,0.00381899,0.00381899
31,36.6678,1.98857,3.58217,1.11951,0.02159,0.4,0.03552,0.01505,2.46589,3.45251,1.12311,0.00352037,0.00352037,0.00352037
32,37.8185,1.65753,3.40926,1.07513,0.02312,0.46667,0.14222,0.06107,2.25982,3.17641,1.12196,0.00322778,0.00322778,0.00322778
33,38.9948,1.73106,3.35868,1.12428,0.02312,0.46667,0.14222,0.06107,2.25982,3.17641,1.12196,0.00294239,0.00294239,0.00294239
34,40.1884,1.83233,3.38789,1.10754,0.02312,0.46667,0.14222,0.06107,2.25982,3.17641,1.12196,0.00266532,0.00266532,0.00266532
35,41.4163,1.70768,3.306,1.10387,0.02312,0.46667,0.14222,0.06107,2.25982,3.17641,1.12196,0.00239766,0.00239766,0.00239766
36,42.6087,1.92064,3.37478,1.14296,0.02312,0.46667,0.14222,0.06107,2.25982,3.17641,1.12196,0.00214046,0.00214046,0.00214046
37,43.7894,1.70887,3.42976,1.10948,0.02312,0.46667,0.14222,0.06107,2.25982,3.17641,1.12196,0.00189475,0.00189475,0.00189475
38,44.9619,1.87568,3.43108,1.13353,0.02312,0.46667,0.14222,0.06107,2.25982,3.17641,1.12196,0.00166149,0.00166149,0.00166149
39,46.1077,1.92734,3.37966,1.1249,0.02312,0.46667,0.14222,0.06107,2.25982,3.17641,1.12196,0.00144161,0.00144161,0.00144161
40,47.2778,1.80986,3.29648,1.06721,0.02022,0.4,0.23266,0.07831,2.37777,3.02946,1.15991,0.00123596,0.00123596,0.00123596
41,48.4655,1.6345,3.11356,1.07348,0.02022,0.4,0.23266,0.07831,2.37777,3.02946,1.15991,0.00104537,0.00104537,0.00104537
42,49.5868,1.76821,3.1119,1.10535,0.02022,0.4,0.23266,0.07831,2.37777,3.02946,1.15991,0.000870577,0.000870577,0.000870577
43,50.738,2.15392,3.22206,1.18538,0.02022,0.4,0.23266,0.07831,2.37777,3.02946,1.15991,0.000712282,0.000712282,0.000712282
44,51.8818,1.81261,3.17956,1.07703,0.02022,0.4,0.23266,0.07831,2.37777,3.02946,1.15991,0.000571106,0.000571106,0.000571106
45,53.0441,1.80443,3.19591,1.15327,0.02022,0.4,0.23266,0.07831,2.37777,3.02946,1.15991,0.000447606,0.000447606,0.000447606
46,54.2093,1.72339,3.16275,1.05557,0.02022,0.4,0.23266,0.07831,2.37777,3.02946,1.15991,0.00034227,0.00034227,0.00034227
47,55.4069,1.56835,3.18223,1.07946,0.02022,0.4,0.23266,0.07831,2.37777,3.02946,1.15991,0.000255513,0.000255513,0.000255513
48,56.5728,1.70179,3.16729,1.05054,1,0.12437,0.16826,0.05826,2.36953,3.11464,1.16338,0.000187678,0.000187678,0.000187678
49,57.7025,2.18841,3.14106,1.15297,1,0.12437,0.16826,0.05826,2.36953,3.11464,1.16338,0.000139032,0.000139032,0.000139032
50,58.8521,1.82652,3.07678,1.08126,1,0.12437,0.16826,0.05826,2.36953,3.11464,1.16338,0.000109768,0.000109768,0.000109768
1,2.60201,1.97477,3.81248,1.38845,0,0,0,0,1.73847,3.91937,1.20876,0.0937,0.0007,0.0007
2,5.15286,1.89934,3.81499,1.37275,0,0,0,0,1.73847,3.91937,1.20876,0.0864999,0.00149991,0.00149991
3,7.33966,1.89591,3.83349,1.43477,0,0,0,0,1.72095,3.90005,1.15919,0.0792994,0.00229943,0.00229943
4,9.60779,1.95025,3.87745,1.40509,0,0,0,0,1.72095,3.90005,1.15919,0.0720983,0.00309828,0.00309828
5,11.8497,2.0742,3.79491,1.54078,0,0,0,0,1.72095,3.90005,1.15919,0.0648962,0.00389616,0.00389616
6,14.0154,1.9595,3.83928,1.39659,0,0,0,0,1.72095,3.90005,1.15919,0.0576928,0.00469276,0.00469276
7,16.211,2.17345,3.91715,1.5893,0,0,0,0,1.72095,3.90005,1.15919,0.0504878,0.00548781,0.00548781
8,18.4879,2.2803,3.79254,1.59507,0,0,0,0,2.08492,3.88872,1.25972,0.043281,0.006281,0.006281
9,20.6787,1.99665,3.73789,1.43334,0,0,0,0,2.08492,3.88872,1.25972,0.036072,0.00707204,0.00707204
10,22.8927,2.04653,3.74772,1.38449,0,0,0,0,2.08492,3.88872,1.25972,0.0288606,0.00786063,0.00786063
11,25.0922,2.12726,3.82199,1.47499,0,0,0,0,2.08492,3.88872,1.25972,0.0216465,0.0086465,0.0086465
12,27.2386,1.88441,3.74012,1.3672,0,0,0,0,2.08492,3.88872,1.25972,0.0144293,0.00942934,0.00942934
13,29.3923,1.90552,3.7249,1.3451,0,0,0,0,2.08492,3.88872,1.25972,0.00991152,0.00991152,0.00991152
14,31.541,2.00447,3.6467,1.43629,0,0,0,0,2.08492,3.88872,1.25972,0.00989622,0.00989622,0.00989622
15,33.6807,2.05528,3.74665,1.50952,0,0,0,0,2.08492,3.88872,1.25972,0.0098797,0.0098797,0.0098797
16,35.9228,1.93154,3.66205,1.36632,0.01,0.2,0.00852,0.00402,1.91677,3.68887,1.22381,0.00986199,0.00986199,0.00986199
17,38.1232,1.80637,3.57911,1.26767,0.01,0.2,0.00852,0.00402,1.91677,3.68887,1.22381,0.00984307,0.00984307,0.00984307
18,40.3795,2.06867,3.58711,1.45675,0.01,0.2,0.00852,0.00402,1.91677,3.68887,1.22381,0.00982296,0.00982296,0.00982296
19,42.552,1.74774,3.58929,1.26889,0.01,0.2,0.00852,0.00402,1.91677,3.68887,1.22381,0.00980167,0.00980167,0.00980167
20,44.7288,2.05382,3.59561,1.47979,0.01,0.2,0.00852,0.00402,1.91677,3.68887,1.22381,0.00977919,0.00977919,0.00977919
21,46.8845,1.85029,3.5519,1.33381,0.01,0.2,0.00852,0.00402,1.91677,3.68887,1.22381,0.00975553,0.00975553,0.00975553
22,49.0597,1.92594,3.55876,1.38808,0.01,0.2,0.00852,0.00402,1.91677,3.68887,1.22381,0.0097307,0.0097307,0.0097307
23,51.2525,1.87337,3.54671,1.37806,0.01,0.2,0.00852,0.00402,1.91677,3.68887,1.22381,0.0097047,0.0097047,0.0097047
24,53.4684,1.91309,3.34842,1.34951,0.00657,0.13333,0.00495,0.00141,1.93924,3.70263,1.32193,0.00967754,0.00967754,0.00967754
25,55.5982,1.91189,3.10788,1.29934,0.00657,0.13333,0.00495,0.00141,1.93924,3.70263,1.32193,0.00964923,0.00964923,0.00964923
26,57.7831,2.22056,3.36643,1.57613,0.00657,0.13333,0.00495,0.00141,1.93924,3.70263,1.32193,0.00961978,0.00961978,0.00961978
27,59.9762,1.9516,3.26175,1.32658,0.00657,0.13333,0.00495,0.00141,1.93924,3.70263,1.32193,0.00958918,0.00958918,0.00958918
28,62.1163,1.85713,3.12855,1.28159,0.00657,0.13333,0.00495,0.00141,1.93924,3.70263,1.32193,0.00955746,0.00955746,0.00955746
29,64.3157,1.87992,3.23797,1.35772,0.00657,0.13333,0.00495,0.00141,1.93924,3.70263,1.32193,0.00952461,0.00952461,0.00952461
30,66.4617,1.72909,3.24557,1.27867,0.00657,0.13333,0.00495,0.00141,1.93924,3.70263,1.32193,0.00949065,0.00949065,0.00949065
31,68.6229,1.88753,3.15835,1.27045,0.00657,0.13333,0.00495,0.00141,1.93924,3.70263,1.32193,0.00945558,0.00945558,0.00945558
32,70.8625,1.89337,2.84781,1.32347,0.76652,0.13333,0.1581,0.05606,2.04317,3.68781,1.32267,0.00941941,0.00941941,0.00941941
33,73.051,1.92417,2.88449,1.36878,0.76652,0.13333,0.1581,0.05606,2.04317,3.68781,1.32267,0.00938215,0.00938215,0.00938215
34,75.2172,1.89644,3.24106,1.36125,0.76652,0.13333,0.1581,0.05606,2.04317,3.68781,1.32267,0.00934381,0.00934381,0.00934381
35,77.4342,2.1053,3.18941,1.5465,0.76652,0.13333,0.1581,0.05606,2.04317,3.68781,1.32267,0.00930441,0.00930441,0.00930441
36,79.601,2.04187,2.85999,1.49618,0.76652,0.13333,0.1581,0.05606,2.04317,3.68781,1.32267,0.00926394,0.00926394,0.00926394
37,81.7548,1.99311,2.49635,1.34144,0.76652,0.13333,0.1581,0.05606,2.04317,3.68781,1.32267,0.00922242,0.00922242,0.00922242
38,83.9545,1.83918,2.69478,1.23214,0.76652,0.13333,0.1581,0.05606,2.04317,3.68781,1.32267,0.00917986,0.00917986,0.00917986
39,86.1521,1.88609,3.00515,1.29474,0.76652,0.13333,0.1581,0.05606,2.04317,3.68781,1.32267,0.00913627,0.00913627,0.00913627
40,88.3539,1.99942,2.93708,1.42632,0.98101,0.2,0.30449,0.15271,1.8965,2.51744,1.31102,0.00909166,0.00909166,0.00909166
41,90.5275,1.79307,2.55876,1.24215,0.98101,0.2,0.30449,0.15271,1.8965,2.51744,1.31102,0.00904604,0.00904604,0.00904604
42,92.6854,2.11211,2.76045,1.43587,0.98101,0.2,0.30449,0.15271,1.8965,2.51744,1.31102,0.00899942,0.00899942,0.00899942
43,94.8863,2.15032,2.61631,1.52498,0.98101,0.2,0.30449,0.15271,1.8965,2.51744,1.31102,0.00895182,0.00895182,0.00895182
44,97.0613,1.89917,2.46878,1.35259,0.98101,0.2,0.30449,0.15271,1.8965,2.51744,1.31102,0.00890325,0.00890325,0.00890325
45,99.2122,1.96304,2.80228,1.35692,0.98101,0.2,0.30449,0.15271,1.8965,2.51744,1.31102,0.00885371,0.00885371,0.00885371
46,101.438,2.01818,2.48472,1.37358,0.98101,0.2,0.30449,0.15271,1.8965,2.51744,1.31102,0.00880323,0.00880323,0.00880323
47,103.603,2.10081,3.39045,1.43265,0.98101,0.2,0.30449,0.15271,1.8965,2.51744,1.31102,0.0087518,0.0087518,0.0087518
48,105.804,2.03487,2.50809,1.36107,0.99373,0.2,0.38674,0.18474,1.90783,2.14671,1.24417,0.00869946,0.00869946,0.00869946
49,107.98,1.72678,2.16325,1.20661,0.99373,0.2,0.38674,0.18474,1.90783,2.14671,1.24417,0.0086462,0.0086462,0.0086462
50,110.142,1.76406,2.50568,1.21619,0.99373,0.2,0.38674,0.18474,1.90783,2.14671,1.24417,0.00859204,0.00859204,0.00859204
51,112.337,1.84826,2.55074,1.26202,0.99373,0.2,0.38674,0.18474,1.90783,2.14671,1.24417,0.008537,0.008537,0.008537
52,114.478,1.88252,2.6308,1.36072,0.99373,0.2,0.38674,0.18474,1.90783,2.14671,1.24417,0.00848108,0.00848108,0.00848108
53,116.607,2.0827,2.85855,1.63394,0.99373,0.2,0.38674,0.18474,1.90783,2.14671,1.24417,0.00842431,0.00842431,0.00842431
54,118.796,1.99976,2.51,1.34707,0.99373,0.2,0.38674,0.18474,1.90783,2.14671,1.24417,0.0083667,0.0083667,0.0083667
55,120.995,2.10504,2.68652,1.32684,0.99373,0.2,0.38674,0.18474,1.90783,2.14671,1.24417,0.00830825,0.00830825,0.00830825
56,123.182,1.79756,2.07574,1.26996,0.71607,0.39088,0.40127,0.20159,1.88298,1.83736,1.302,0.00824899,0.00824899,0.00824899
57,125.428,1.89838,2.70175,1.3251,0.71607,0.39088,0.40127,0.20159,1.88298,1.83736,1.302,0.00818893,0.00818893,0.00818893
58,127.582,1.87104,1.99231,1.35216,0.71607,0.39088,0.40127,0.20159,1.88298,1.83736,1.302,0.00812809,0.00812809,0.00812809
59,129.774,1.79392,2.48988,1.35902,0.71607,0.39088,0.40127,0.20159,1.88298,1.83736,1.302,0.00806647,0.00806647,0.00806647
60,131.963,1.8124,2.23638,1.26924,0.71607,0.39088,0.40127,0.20159,1.88298,1.83736,1.302,0.0080041,0.0080041,0.0080041
61,134.176,1.81199,2.16909,1.22028,0.71607,0.39088,0.40127,0.20159,1.88298,1.83736,1.302,0.00794099,0.00794099,0.00794099
62,136.412,1.96914,2.29094,1.3613,0.71607,0.39088,0.40127,0.20159,1.88298,1.83736,1.302,0.00787715,0.00787715,0.00787715
63,138.625,1.80381,2.10623,1.22709,0.71607,0.39088,0.40127,0.20159,1.88298,1.83736,1.302,0.00781261,0.00781261,0.00781261
64,140.832,1.90284,2.2469,1.37825,0.75207,0.31892,0.33586,0.16832,1.97217,1.81345,1.35514,0.00774737,0.00774737,0.00774737
65,142.987,1.96542,2.035,1.36907,0.75207,0.31892,0.33586,0.16832,1.97217,1.81345,1.35514,0.00768145,0.00768145,0.00768145
66,145.108,1.59143,2.35718,1.22178,0.75207,0.31892,0.33586,0.16832,1.97217,1.81345,1.35514,0.00761488,0.00761488,0.00761488
67,147.24,1.74867,2.14308,1.28569,0.75207,0.31892,0.33586,0.16832,1.97217,1.81345,1.35514,0.00754766,0.00754766,0.00754766
68,149.413,1.82755,1.86646,1.19459,0.75207,0.31892,0.33586,0.16832,1.97217,1.81345,1.35514,0.00747982,0.00747982,0.00747982
69,151.644,1.88789,2.05864,1.28236,0.75207,0.31892,0.33586,0.16832,1.97217,1.81345,1.35514,0.00741136,0.00741136,0.00741136
70,153.804,1.86688,2.2602,1.33289,0.75207,0.31892,0.33586,0.16832,1.97217,1.81345,1.35514,0.00734231,0.00734231,0.00734231
71,155.979,1.8637,2.30045,1.29348,0.75207,0.31892,0.33586,0.16832,1.97217,1.81345,1.35514,0.00727268,0.00727268,0.00727268
72,158.227,1.75092,1.82431,1.26265,0.92287,0.4,0.42473,0.22455,1.85486,1.56378,1.29916,0.0072025,0.0072025,0.0072025
73,160.955,1.76435,1.84411,1.23947,0.92287,0.4,0.42473,0.22455,1.85486,1.56378,1.29916,0.00713177,0.00713177,0.00713177
74,163.425,1.62612,1.76432,1.19462,0.92287,0.4,0.42473,0.22455,1.85486,1.56378,1.29916,0.00706051,0.00706051,0.00706051
75,165.776,1.91152,2.39571,1.45366,0.92287,0.4,0.42473,0.22455,1.85486,1.56378,1.29916,0.00698875,0.00698875,0.00698875
76,167.996,2.27579,2.10347,1.41005,0.92287,0.4,0.42473,0.22455,1.85486,1.56378,1.29916,0.0069165,0.0069165,0.0069165
77,170.176,1.81815,1.97576,1.26815,0.92287,0.4,0.42473,0.22455,1.85486,1.56378,1.29916,0.00684378,0.00684378,0.00684378
78,172.44,1.84096,1.932,1.27822,0.92287,0.4,0.42473,0.22455,1.85486,1.56378,1.29916,0.00677061,0.00677061,0.00677061
79,174.608,1.72654,1.92127,1.30491,0.92287,0.4,0.42473,0.22455,1.85486,1.56378,1.29916,0.006697,0.006697,0.006697
80,176.79,1.89939,1.79012,1.28035,0.79547,0.39817,0.39491,0.1778,2.02112,1.73918,1.32735,0.00662297,0.00662297,0.00662297
81,178.913,1.67115,2.14346,1.29368,0.79547,0.39817,0.39491,0.1778,2.02112,1.73918,1.32735,0.00654854,0.00654854,0.00654854
82,181.099,1.78154,2.01696,1.2737,0.79547,0.39817,0.39491,0.1778,2.02112,1.73918,1.32735,0.00647373,0.00647373,0.00647373
83,183.258,1.60653,1.82645,1.15639,0.79547,0.39817,0.39491,0.1778,2.02112,1.73918,1.32735,0.00639856,0.00639856,0.00639856
84,185.518,1.84666,2.18673,1.33239,0.79547,0.39817,0.39491,0.1778,2.02112,1.73918,1.32735,0.00632305,0.00632305,0.00632305
85,187.692,1.63756,1.8974,1.17378,0.79547,0.39817,0.39491,0.1778,2.02112,1.73918,1.32735,0.00624721,0.00624721,0.00624721
86,189.92,1.85754,1.85335,1.23086,0.79547,0.39817,0.39491,0.1778,2.02112,1.73918,1.32735,0.00617106,0.00617106,0.00617106
87,192.128,1.98476,2.11343,1.45046,0.79547,0.39817,0.39491,0.1778,2.02112,1.73918,1.32735,0.00609463,0.00609463,0.00609463
88,194.395,1.77429,1.89508,1.30672,0.6245,0.387,0.4115,0.20236,1.82384,1.83768,1.26154,0.00601792,0.00601792,0.00601792
89,196.561,1.73228,1.94119,1.22504,0.6245,0.387,0.4115,0.20236,1.82384,1.83768,1.26154,0.00594097,0.00594097,0.00594097
90,198.76,1.70977,1.6911,1.23344,0.6245,0.387,0.4115,0.20236,1.82384,1.83768,1.26154,0.00586379,0.00586379,0.00586379
91,200.928,1.71777,1.93368,1.21061,0.6245,0.387,0.4115,0.20236,1.82384,1.83768,1.26154,0.00578639,0.00578639,0.00578639
92,203.168,1.95086,1.88942,1.32389,0.6245,0.387,0.4115,0.20236,1.82384,1.83768,1.26154,0.0057088,0.0057088,0.0057088
93,205.35,1.61063,1.81207,1.22173,0.6245,0.387,0.4115,0.20236,1.82384,1.83768,1.26154,0.00563104,0.00563104,0.00563104
94,207.6,1.69626,1.84309,1.21575,0.6245,0.387,0.4115,0.20236,1.82384,1.83768,1.26154,0.00555312,0.00555312,0.00555312
95,209.769,1.73089,1.70401,1.15502,0.6245,0.387,0.4115,0.20236,1.82384,1.83768,1.26154,0.00547507,0.00547507,0.00547507
96,212.061,1.76373,2.16387,1.3884,0.89608,0.39907,0.40374,0.18854,1.90905,1.72402,1.27014,0.0053969,0.0053969,0.0053969
97,214.213,1.56512,1.95241,1.16128,0.89608,0.39907,0.40374,0.18854,1.90905,1.72402,1.27014,0.00531864,0.00531864,0.00531864
98,216.348,1.5625,1.73112,1.17779,0.89608,0.39907,0.40374,0.18854,1.90905,1.72402,1.27014,0.0052403,0.0052403,0.0052403
99,218.555,1.68239,3.34088,1.26177,0.89608,0.39907,0.40374,0.18854,1.90905,1.72402,1.27014,0.0051619,0.0051619,0.0051619
100,220.833,1.78827,1.91287,1.27393,0.89608,0.39907,0.40374,0.18854,1.90905,1.72402,1.27014,0.00508346,0.00508346,0.00508346
101,222.983,1.63734,1.61728,1.21025,0.89608,0.39907,0.40374,0.18854,1.90905,1.72402,1.27014,0.005005,0.005005,0.005005
102,225.211,1.7716,1.64846,1.21696,0.89608,0.39907,0.40374,0.18854,1.90905,1.72402,1.27014,0.00492654,0.00492654,0.00492654
103,227.386,1.55154,1.80612,1.17926,0.89608,0.39907,0.40374,0.18854,1.90905,1.72402,1.27014,0.0048481,0.0048481,0.0048481
104,229.684,1.89774,1.97634,1.34511,0.92657,0.32804,0.38639,0.1684,1.93879,1.6709,1.32685,0.0047697,0.0047697,0.0047697
105,231.837,1.60046,1.72795,1.20426,0.92657,0.32804,0.38639,0.1684,1.93879,1.6709,1.32685,0.00469136,0.00469136,0.00469136
106,234.033,1.66103,1.79263,1.20894,0.92657,0.32804,0.38639,0.1684,1.93879,1.6709,1.32685,0.0046131,0.0046131,0.0046131
107,236.191,1.65094,1.92873,1.23605,0.92657,0.32804,0.38639,0.1684,1.93879,1.6709,1.32685,0.00453493,0.00453493,0.00453493
108,238.352,1.66017,2.00423,1.31642,0.92657,0.32804,0.38639,0.1684,1.93879,1.6709,1.32685,0.00445688,0.00445688,0.00445688
109,240.56,1.63973,1.86655,1.25965,0.92657,0.32804,0.38639,0.1684,1.93879,1.6709,1.32685,0.00437896,0.00437896,0.00437896
110,242.697,1.62487,1.63481,1.18926,0.92657,0.32804,0.38639,0.1684,1.93879,1.6709,1.32685,0.0043012,0.0043012,0.0043012
111,244.841,1.48733,1.69103,1.10545,0.92657,0.32804,0.38639,0.1684,1.93879,1.6709,1.32685,0.00422361,0.00422361,0.00422361
112,247.214,1.46831,1.80753,1.12858,0.95623,0.39615,0.40881,0.18183,1.94857,1.47013,1.27966,0.00414621,0.00414621,0.00414621
113,249.406,1.69996,1.74637,1.24344,0.95623,0.39615,0.40881,0.18183,1.94857,1.47013,1.27966,0.00406903,0.00406903,0.00406903
114,251.608,1.66024,1.73146,1.21697,0.95623,0.39615,0.40881,0.18183,1.94857,1.47013,1.27966,0.00399208,0.00399208,0.00399208
115,253.678,1.69252,1.73743,1.18383,0.95623,0.39615,0.40881,0.18183,1.94857,1.47013,1.27966,0.00391537,0.00391537,0.00391537
116,255.905,1.65228,1.73288,1.22681,0.95623,0.39615,0.40881,0.18183,1.94857,1.47013,1.27966,0.00383894,0.00383894,0.00383894
117,257.995,1.58735,1.87609,1.14374,0.95623,0.39615,0.40881,0.18183,1.94857,1.47013,1.27966,0.00376279,0.00376279,0.00376279
118,260.072,1.43653,1.64998,1.20125,0.95623,0.39615,0.40881,0.18183,1.94857,1.47013,1.27966,0.00368695,0.00368695,0.00368695
119,262.341,1.57558,1.81462,1.20718,0.95623,0.39615,0.40881,0.18183,1.94857,1.47013,1.27966,0.00361144,0.00361144,0.00361144
120,264.467,1.59813,1.71191,1.18964,0.94349,0.33333,0.38482,0.20222,1.81751,1.58625,1.2548,0.00353627,0.00353627,0.00353627
121,266.629,1.56703,1.59818,1.20757,0.94349,0.33333,0.38482,0.20222,1.81751,1.58625,1.2548,0.00346146,0.00346146,0.00346146
122,268.738,1.80046,1.72451,1.32684,0.94349,0.33333,0.38482,0.20222,1.81751,1.58625,1.2548,0.00338703,0.00338703,0.00338703
1,5.19515,1.97477,3.81248,1.38845,0,0,0,0,2.11311,4.02591,1.42961,0.0937,0.0007,0.0007
2,10.6838,2.23208,3.88967,1.50472,0,0,0,0,2.11311,4.02591,1.42961,0.0864999,0.00149991,0.00149991
3,16.0436,1.74902,3.6667,1.45785,0,0,0,0,1.89194,4.00338,1.32182,0.0792994,0.00229943,0.00229943
4,22.2601,1.99796,3.83922,1.36814,0,0,0,0,1.89194,4.00338,1.32182,0.0720983,0.00309828,0.00309828
5,27.469,2.2078,3.84962,1.53907,0,0,0,0,1.89194,4.00338,1.32182,0.0648962,0.00389616,0.00389616
6,32.7444,2.18087,3.87437,1.55988,0,0,0,0,1.89194,4.00338,1.32182,0.0576928,0.00469276,0.00469276
7,37.7117,2.16542,3.90206,1.5836,0,0,0,0,1.89194,4.00338,1.32182,0.0504878,0.00548781,0.00548781
8,43.3594,1.95609,3.79667,1.40202,0.00333,0.09524,0.01911,0.00266,2.22386,4.03661,1.31095,0.043281,0.006281,0.006281
9,48.8178,2.03112,3.75451,1.34699,0.00333,0.09524,0.01911,0.00266,2.22386,4.03661,1.31095,0.036072,0.00707204,0.00707204
10,53.5803,2.00993,3.80453,1.43157,0.00333,0.09524,0.01911,0.00266,2.22386,4.03661,1.31095,0.0288606,0.00786063,0.00786063
11,58.5281,1.71796,3.68001,1.3474,0.00333,0.09524,0.01911,0.00266,2.22386,4.03661,1.31095,0.0216465,0.0086465,0.0086465
12,63.6593,2.10979,3.83374,1.46621,0.00333,0.09524,0.01911,0.00266,2.22386,4.03661,1.31095,0.0144293,0.00942934,0.00942934
13,68.4653,2.15425,3.84566,1.54013,0.00333,0.09524,0.01911,0.00266,2.22386,4.03661,1.31095,0.00991152,0.00991152,0.00991152
14,73.2329,1.86614,3.73569,1.328,0.00333,0.09524,0.01911,0.00266,2.22386,4.03661,1.31095,0.00989622,0.00989622,0.00989622
15,77.9243,2.2204,3.80289,1.5415,0.00333,0.09524,0.01911,0.00266,2.22386,4.03661,1.31095,0.0098797,0.0098797,0.0098797
16,82.6291,1.93954,3.65472,1.35479,0.00379,0.06061,0.00224,0.00086,2.73177,4.06937,1.85384,0.00986199,0.00986199,0.00986199
17,87.4045,1.76147,3.38986,1.34386,0.00379,0.06061,0.00224,0.00086,2.73177,4.06937,1.85384,0.00984307,0.00984307,0.00984307
18,92.027,1.9076,3.53402,1.46569,0.00379,0.06061,0.00224,0.00086,2.73177,4.06937,1.85384,0.00982296,0.00982296,0.00982296
19,96.6952,2.17093,3.70067,1.50776,0.00379,0.06061,0.00224,0.00086,2.73177,4.06937,1.85384,0.00980167,0.00980167,0.00980167
20,101.379,2.00816,3.55396,1.40382,0.00379,0.06061,0.00224,0.00086,2.73177,4.06937,1.85384,0.00977919,0.00977919,0.00977919
21,106.045,1.95865,3.6633,1.39441,0.00379,0.06061,0.00224,0.00086,2.73177,4.06937,1.85384,0.00975553,0.00975553,0.00975553
22,110.759,2.12885,3.61304,1.44141,0.00379,0.06061,0.00224,0.00086,2.73177,4.06937,1.85384,0.0097307,0.0097307,0.0097307
23,115.34,1.83229,3.53748,1.38704,0.00379,0.06061,0.00224,0.00086,2.73177,4.06937,1.85384,0.0097047,0.0097047,0.0097047
24,120.236,1.93147,3.39789,1.30797,0.00314,0.07792,0.00205,0.00101,2.88537,3.99365,1.97036,0.00967754,0.00967754,0.00967754
25,124.907,2.32697,3.41873,1.5654,0.00314,0.07792,0.00205,0.00101,2.88537,3.99365,1.97036,0.00964923,0.00964923,0.00964923
26,129.499,2.0628,3.33658,1.50898,0.00314,0.07792,0.00205,0.00101,2.88537,3.99365,1.97036,0.00961978,0.00961978,0.00961978
27,134.135,2.23246,3.38268,1.54138,0.00314,0.07792,0.00205,0.00101,2.88537,3.99365,1.97036,0.00958918,0.00958918,0.00958918
28,138.666,2.19597,3.47664,1.49646,0.00314,0.07792,0.00205,0.00101,2.88537,3.99365,1.97036,0.00955746,0.00955746,0.00955746
29,143.423,2.30888,3.44178,1.57844,0.00314,0.07792,0.00205,0.00101,2.88537,3.99365,1.97036,0.00952461,0.00952461,0.00952461
30,148.013,2.01901,3.32292,1.35817,0.00314,0.07792,0.00205,0.00101,2.88537,3.99365,1.97036,0.00949065,0.00949065,0.00949065
31,152.617,2.1034,3.28409,1.34648,0.00314,0.07792,0.00205,0.00101,2.88537,3.99365,1.97036,0.00945558,0.00945558,0.00945558
32,157.213,2.1919,3.1596,1.48058,0.84566,0.09091,0.08212,0.0217,2.75683,3.33254,1.73375,0.00941941,0.00941941,0.00941941
33,161.867,1.77957,2.78067,1.39724,0.84566,0.09091,0.08212,0.0217,2.75683,3.33254,1.73375,0.00938215,0.00938215,0.00938215
34,166.506,2.11257,2.97893,1.50828,0.84566,0.09091,0.08212,0.0217,2.75683,3.33254,1.73375,0.00934381,0.00934381,0.00934381
35,171.218,1.83492,2.83766,1.29812,0.84566,0.09091,0.08212,0.0217,2.75683,3.33254,1.73375,0.00930441,0.00930441,0.00930441
36,175.983,2.19526,3.00369,1.46848,0.84566,0.09091,0.08212,0.0217,2.75683,3.33254,1.73375,0.00926394,0.00926394,0.00926394
37,180.717,1.72548,2.71437,1.26534,0.84566,0.09091,0.08212,0.0217,2.75683,3.33254,1.73375,0.00922242,0.00922242,0.00922242
38,185.383,2.04357,2.89806,1.3734,0.84566,0.09091,0.08212,0.0217,2.75683,3.33254,1.73375,0.00917986,0.00917986,0.00917986
39,190.283,2.1966,3.07783,1.50736,0.84566,0.09091,0.08212,0.0217,2.75683,3.33254,1.73375,0.00913627,0.00913627,0.00913627
40,195.537,2.10688,2.63101,1.54667,0.61693,0.07792,0.07219,0.0274,3.21884,3.77212,2.2935,0.00909166,0.00909166,0.00909166
41,201.024,1.99016,2.69579,1.22807,0.61693,0.07792,0.07219,0.0274,3.21884,3.77212,2.2935,0.00904604,0.00904604,0.00904604
42,209.883,1.94331,2.85109,1.42534,0.61693,0.07792,0.07219,0.0274,3.21884,3.77212,2.2935,0.00899942,0.00899942,0.00899942
43,217.576,1.95536,2.7034,1.34423,0.61693,0.07792,0.07219,0.0274,3.21884,3.77212,2.2935,0.00895182,0.00895182,0.00895182
44,223.735,1.89614,2.73643,1.43773,0.61693,0.07792,0.07219,0.0274,3.21884,3.77212,2.2935,0.00890325,0.00890325,0.00890325
45,228.831,1.88636,2.76716,1.26683,0.61693,0.07792,0.07219,0.0274,3.21884,3.77212,2.2935,0.00885371,0.00885371,0.00885371
46,233.555,2.0028,2.83554,1.48918,0.61693,0.07792,0.07219,0.0274,3.21884,3.77212,2.2935,0.00880323,0.00880323,0.00880323
47,240.751,2.08879,2.75692,1.39671,0.61693,0.07792,0.07219,0.0274,3.21884,3.77212,2.2935,0.0087518,0.0087518,0.0087518
48,247.329,1.8045,2.68026,1.30337,0.71541,0.17141,0.24825,0.12974,2.41783,2.92184,1.6416,0.00869946,0.00869946,0.00869946
49,252.703,1.97915,2.35388,1.34186,0.71541,0.17141,0.24825,0.12974,2.41783,2.92184,1.6416,0.0086462,0.0086462,0.0086462
50,258.175,1.90224,2.33655,1.31654,0.71541,0.17141,0.24825,0.12974,2.41783,2.92184,1.6416,0.00859204,0.00859204,0.00859204
51,263.648,1.99104,2.32106,1.31458,0.71541,0.17141,0.24825,0.12974,2.41783,2.92184,1.6416,0.008537,0.008537,0.008537
52,269.87,1.87038,2.25879,1.24134,0.71541,0.17141,0.24825,0.12974,2.41783,2.92184,1.6416,0.00848108,0.00848108,0.00848108
53,275.371,2.25854,2.71076,1.58765,0.71541,0.17141,0.24825,0.12974,2.41783,2.92184,1.6416,0.00842431,0.00842431,0.00842431
54,280.316,1.83404,2.42752,1.28844,0.71541,0.17141,0.24825,0.12974,2.41783,2.92184,1.6416,0.0083667,0.0083667,0.0083667
55,285.292,1.91749,2.46331,1.33784,0.71541,0.17141,0.24825,0.12974,2.41783,2.92184,1.6416,0.00830825,0.00830825,0.00830825
56,291.414,2.19683,2.58651,1.46919,0.5391,0.29437,0.21707,0.10727,2.29648,2.81233,1.55176,0.00824899,0.00824899,0.00824899
57,298.085,1.95482,2.38254,1.30858,0.5391,0.29437,0.21707,0.10727,2.29648,2.81233,1.55176,0.00818893,0.00818893,0.00818893
58,303.608,1.9589,2.27766,1.28677,0.5391,0.29437,0.21707,0.10727,2.29648,2.81233,1.55176,0.00812809,0.00812809,0.00812809
59,309.373,1.82911,2.5418,1.20964,0.5391,0.29437,0.21707,0.10727,2.29648,2.81233,1.55176,0.00806647,0.00806647,0.00806647
60,315.055,1.9438,2.77744,1.36497,0.5391,0.29437,0.21707,0.10727,2.29648,2.81233,1.55176,0.0080041,0.0080041,0.0080041
61,320.394,1.94757,2.4373,1.43483,0.5391,0.29437,0.21707,0.10727,2.29648,2.81233,1.55176,0.00794099,0.00794099,0.00794099
62,326.1,1.97625,2.42667,1.35955,0.5391,0.29437,0.21707,0.10727,2.29648,2.81233,1.55176,0.00787715,0.00787715,0.00787715
63,331.654,1.97233,2.26556,1.32346,0.5391,0.29437,0.21707,0.10727,2.29648,2.81233,1.55176,0.00781261,0.00781261,0.00781261
64,336.716,1.87506,2.16118,1.35453,0.81867,0.22991,0.22677,0.12112,2.27619,2.30455,1.5928,0.00774737,0.00774737,0.00774737
1,5.69958,1.97477,3.81248,1.38845,0,0,0,0,2.11311,4.02591,1.42961,0.0937,0.0007,0.0007
2,11.4861,2.23208,3.88967,1.50472,0,0,0,0,2.11311,4.02591,1.42961,0.0864999,0.00149991,0.00149991
3,16.6845,1.74902,3.6667,1.45785,0,0,0,0,1.89194,4.00338,1.32182,0.0792994,0.00229943,0.00229943
4,22.4908,1.99796,3.83922,1.36814,0,0,0,0,1.89194,4.00338,1.32182,0.0720983,0.00309828,0.00309828
1,5.42098,1.97477,3.81248,1.38845,0,0,0,0,2.11311,4.02591,1.42961,0.0937,0.0007,0.0007
2,10.6349,2.23208,3.88967,1.50472,0,0,0,0,2.11311,4.02591,1.42961,0.0864999,0.00149991,0.00149991
3,15.7957,1.74902,3.6667,1.45785,0,0,0,0,1.89194,4.00338,1.32182,0.0792994,0.00229943,0.00229943
4,21.3405,1.99796,3.83922,1.36814,0,0,0,0,1.89194,4.00338,1.32182,0.0720983,0.00309828,0.00309828
5,27.103,2.2078,3.84962,1.53907,0,0,0,0,1.89194,4.00338,1.32182,0.0648962,0.00389616,0.00389616
1,5.01906,1.97477,3.81248,1.38845,0,0,0,0,2.11311,4.02591,1.42961,0.0937,0.0007,0.0007
2,10.1288,2.23208,3.88967,1.50472,0,0,0,0,2.11311,4.02591,1.42961,0.0864999,0.00149991,0.00149991
3,15.2071,1.74902,3.6667,1.45785,0,0,0,0,1.89194,4.00338,1.32182,0.0792994,0.00229943,0.00229943
4,21.2242,1.99796,3.83922,1.36814,0,0,0,0,1.89194,4.00338,1.32182,0.0720983,0.00309828,0.00309828
5,27.5419,2.2078,3.84962,1.53907,0,0,0,0,1.89194,4.00338,1.32182,0.0648962,0.00389616,0.00389616
6,33.0054,2.18087,3.87437,1.55988,0,0,0,0,1.89194,4.00338,1.32182,0.0576928,0.00469276,0.00469276
7,39.259,2.16542,3.90206,1.5836,0,0,0,0,1.89194,4.00338,1.32182,0.0504878,0.00548781,0.00548781
8,44.5228,1.95609,3.79667,1.40202,0.00333,0.09524,0.01911,0.00266,2.22386,4.03661,1.31095,0.043281,0.006281,0.006281
9,49.5269,2.03112,3.75451,1.34699,0.00333,0.09524,0.01911,0.00266,2.22386,4.03661,1.31095,0.036072,0.00707204,0.00707204
10,54.3191,2.00993,3.80453,1.43157,0.00333,0.09524,0.01911,0.00266,2.22386,4.03661,1.31095,0.0288606,0.00786063,0.00786063
11,59.0585,1.71796,3.68001,1.3474,0.00333,0.09524,0.01911,0.00266,2.22386,4.03661,1.31095,0.0216465,0.0086465,0.0086465
12,63.9061,2.10979,3.83374,1.46621,0.00333,0.09524,0.01911,0.00266,2.22386,4.03661,1.31095,0.0144293,0.00942934,0.00942934
13,69.1675,2.15425,3.84566,1.54013,0.00333,0.09524,0.01911,0.00266,2.22386,4.03661,1.31095,0.00991152,0.00991152,0.00991152
14,73.9755,1.86614,3.73569,1.328,0.00333,0.09524,0.01911,0.00266,2.22386,4.03661,1.31095,0.00989622,0.00989622,0.00989622
15,78.8749,2.2204,3.80289,1.5415,0.00333,0.09524,0.01911,0.00266,2.22386,4.03661,1.31095,0.0098797,0.0098797,0.0098797
16,83.8126,1.93954,3.65472,1.35479,0.00379,0.06061,0.00224,0.00086,2.73177,4.06937,1.85384,0.00986199,0.00986199,0.00986199
17,89.6656,1.76147,3.38986,1.34386,0.00379,0.06061,0.00224,0.00086,2.73177,4.06937,1.85384,0.00984307,0.00984307,0.00984307
18,95.0016,1.9076,3.53402,1.46569,0.00379,0.06061,0.00224,0.00086,2.73177,4.06937,1.85384,0.00982296,0.00982296,0.00982296
19,99.9928,2.17093,3.70067,1.50776,0.00379,0.06061,0.00224,0.00086,2.73177,4.06937,1.85384,0.00980167,0.00980167,0.00980167
20,104.986,2.00816,3.55396,1.40382,0.00379,0.06061,0.00224,0.00086,2.73177,4.06937,1.85384,0.00977919,0.00977919,0.00977919
21,109.854,1.95865,3.6633,1.39441,0.00379,0.06061,0.00224,0.00086,2.73177,4.06937,1.85384,0.00975553,0.00975553,0.00975553
22,114.607,2.12885,3.61304,1.44141,0.00379,0.06061,0.00224,0.00086,2.73177,4.06937,1.85384,0.0097307,0.0097307,0.0097307
23,119.366,1.83229,3.53748,1.38704,0.00379,0.06061,0.00224,0.00086,2.73177,4.06937,1.85384,0.0097047,0.0097047,0.0097047
24,124.136,1.93147,3.39789,1.30797,0.00314,0.07792,0.00205,0.00101,2.88537,3.99365,1.97036,0.00967754,0.00967754,0.00967754
25,129.319,2.32697,3.41873,1.5654,0.00314,0.07792,0.00205,0.00101,2.88537,3.99365,1.97036,0.00964923,0.00964923,0.00964923
26,134.351,2.0628,3.33658,1.50898,0.00314,0.07792,0.00205,0.00101,2.88537,3.99365,1.97036,0.00961978,0.00961978,0.00961978
27,139.042,2.23246,3.38268,1.54138,0.00314,0.07792,0.00205,0.00101,2.88537,3.99365,1.97036,0.00958918,0.00958918,0.00958918
28,143.735,2.19597,3.47664,1.49646,0.00314,0.07792,0.00205,0.00101,2.88537,3.99365,1.97036,0.00955746,0.00955746,0.00955746
29,148.454,2.30888,3.44178,1.57844,0.00314,0.07792,0.00205,0.00101,2.88537,3.99365,1.97036,0.00952461,0.00952461,0.00952461
30,153.104,2.01901,3.32292,1.35817,0.00314,0.07792,0.00205,0.00101,2.88537,3.99365,1.97036,0.00949065,0.00949065,0.00949065
31,157.825,2.1034,3.28409,1.34648,0.00314,0.07792,0.00205,0.00101,2.88537,3.99365,1.97036,0.00945558,0.00945558,0.00945558
32,162.708,2.1919,3.1596,1.48058,0.84566,0.09091,0.08212,0.0217,2.75683,3.33254,1.73375,0.00941941,0.00941941,0.00941941
33,167.411,1.77957,2.78067,1.39724,0.84566,0.09091,0.08212,0.0217,2.75683,3.33254,1.73375,0.00938215,0.00938215,0.00938215
34,172.29,2.11257,2.97893,1.50828,0.84566,0.09091,0.08212,0.0217,2.75683,3.33254,1.73375,0.00934381,0.00934381,0.00934381
35,176.954,1.83492,2.83766,1.29812,0.84566,0.09091,0.08212,0.0217,2.75683,3.33254,1.73375,0.00930441,0.00930441,0.00930441
36,181.678,2.19526,3.00369,1.46848,0.84566,0.09091,0.08212,0.0217,2.75683,3.33254,1.73375,0.00926394,0.00926394,0.00926394
37,186.456,1.72548,2.71437,1.26534,0.84566,0.09091,0.08212,0.0217,2.75683,3.33254,1.73375,0.00922242,0.00922242,0.00922242
38,191.182,2.04357,2.89806,1.3734,0.84566,0.09091,0.08212,0.0217,2.75683,3.33254,1.73375,0.00917986,0.00917986,0.00917986
39,195.912,2.1966,3.07783,1.50736,0.84566,0.09091,0.08212,0.0217,2.75683,3.33254,1.73375,0.00913627,0.00913627,0.00913627
40,200.895,2.10688,2.63101,1.54667,0.61693,0.07792,0.07219,0.0274,3.21884,3.77212,2.2935,0.00909166,0.00909166,0.00909166
41,205.608,1.99016,2.69579,1.22807,0.61693,0.07792,0.07219,0.0274,3.21884,3.77212,2.2935,0.00904604,0.00904604,0.00904604
42,210.327,1.94331,2.85109,1.42534,0.61693,0.07792,0.07219,0.0274,3.21884,3.77212,2.2935,0.00899942,0.00899942,0.00899942
43,215.125,1.95536,2.7034,1.34423,0.61693,0.07792,0.07219,0.0274,3.21884,3.77212,2.2935,0.00895182,0.00895182,0.00895182
44,219.897,1.89614,2.73643,1.43773,0.61693,0.07792,0.07219,0.0274,3.21884,3.77212,2.2935,0.00890325,0.00890325,0.00890325
45,224.626,1.88636,2.76716,1.26683,0.61693,0.07792,0.07219,0.0274,3.21884,3.77212,2.2935,0.00885371,0.00885371,0.00885371
46,229.441,2.0028,2.83554,1.48918,0.61693,0.07792,0.07219,0.0274,3.21884,3.77212,2.2935,0.00880323,0.00880323,0.00880323
47,234.171,2.08879,2.75692,1.39671,0.61693,0.07792,0.07219,0.0274,3.21884,3.77212,2.2935,0.0087518,0.0087518,0.0087518
48,238.884,1.8045,2.68026,1.30337,0.71541,0.17141,0.24825,0.12974,2.41783,2.92184,1.6416,0.00869946,0.00869946,0.00869946
49,243.652,1.97915,2.35388,1.34186,0.71541,0.17141,0.24825,0.12974,2.41783,2.92184,1.6416,0.0086462,0.0086462,0.0086462
50,248.426,1.90224,2.33655,1.31654,0.71541,0.17141,0.24825,0.12974,2.41783,2.92184,1.6416,0.00859204,0.00859204,0.00859204
51,253.099,1.99104,2.32106,1.31458,0.71541,0.17141,0.24825,0.12974,2.41783,2.92184,1.6416,0.008537,0.008537,0.008537
52,257.79,1.87038,2.25879,1.24134,0.71541,0.17141,0.24825,0.12974,2.41783,2.92184,1.6416,0.00848108,0.00848108,0.00848108
53,262.607,2.25854,2.71076,1.58765,0.71541,0.17141,0.24825,0.12974,2.41783,2.92184,1.6416,0.00842431,0.00842431,0.00842431
54,267.352,1.83404,2.42752,1.28844,0.71541,0.17141,0.24825,0.12974,2.41783,2.92184,1.6416,0.0083667,0.0083667,0.0083667
55,272.587,1.91749,2.46331,1.33784,0.71541,0.17141,0.24825,0.12974,2.41783,2.92184,1.6416,0.00830825,0.00830825,0.00830825
56,277.401,2.19683,2.58651,1.46919,0.5391,0.29437,0.21707,0.10727,2.29648,2.81233,1.55176,0.00824899,0.00824899,0.00824899
57,282.293,1.95482,2.38254,1.30858,0.5391,0.29437,0.21707,0.10727,2.29648,2.81233,1.55176,0.00818893,0.00818893,0.00818893
58,286.998,1.9589,2.27766,1.28677,0.5391,0.29437,0.21707,0.10727,2.29648,2.81233,1.55176,0.00812809,0.00812809,0.00812809
59,291.753,1.82911,2.5418,1.20964,0.5391,0.29437,0.21707,0.10727,2.29648,2.81233,1.55176,0.00806647,0.00806647,0.00806647
60,296.478,1.9438,2.77744,1.36497,0.5391,0.29437,0.21707,0.10727,2.29648,2.81233,1.55176,0.0080041,0.0080041,0.0080041
61,301.266,1.94757,2.4373,1.43483,0.5391,0.29437,0.21707,0.10727,2.29648,2.81233,1.55176,0.00794099,0.00794099,0.00794099
62,306.181,1.97625,2.42667,1.35955,0.5391,0.29437,0.21707,0.10727,2.29648,2.81233,1.55176,0.00787715,0.00787715,0.00787715
63,311.005,1.97233,2.26556,1.32346,0.5391,0.29437,0.21707,0.10727,2.29648,2.81233,1.55176,0.00781261,0.00781261,0.00781261
64,315.743,1.87506,2.16118,1.35453,0.81867,0.22991,0.22677,0.12112,2.27619,2.30455,1.5928,0.00774737,0.00774737,0.00774737
65,320.512,1.9027,2.01526,1.26393,0.81867,0.22991,0.22677,0.12112,2.27619,2.30455,1.5928,0.00768145,0.00768145,0.00768145
66,325.422,1.79876,2.29241,1.32445,0.81867,0.22991,0.22677,0.12112,2.27619,2.30455,1.5928,0.00761488,0.00761488,0.00761488
67,330.21,1.9877,2.02055,1.32822,0.81867,0.22991,0.22677,0.12112,2.27619,2.30455,1.5928,0.00754766,0.00754766,0.00754766
68,334.977,1.9241,1.95114,1.40234,0.81867,0.22991,0.22677,0.12112,2.27619,2.30455,1.5928,0.00747982,0.00747982,0.00747982
69,339.752,1.83899,2.11757,1.26764,0.81867,0.22991,0.22677,0.12112,2.27619,2.30455,1.5928,0.00741136,0.00741136,0.00741136
70,344.426,1.76594,2.07316,1.33991,0.81867,0.22991,0.22677,0.12112,2.27619,2.30455,1.5928,0.00734231,0.00734231,0.00734231
71,349.19,1.81309,1.82848,1.24623,0.81867,0.22991,0.22677,0.12112,2.27619,2.30455,1.5928,0.00727268,0.00727268,0.00727268
72,354.481,2.00684,2.26498,1.37233,0.99376,0.14286,0.16445,0.07597,2.59002,2.96392,1.80568,0.0072025,0.0072025,0.0072025
73,359.309,1.92228,2.19187,1.3721,0.99376,0.14286,0.16445,0.07597,2.59002,2.96392,1.80568,0.00713177,0.00713177,0.00713177
74,364.149,1.98985,2.09919,1.38396,0.99376,0.14286,0.16445,0.07597,2.59002,2.96392,1.80568,0.00706051,0.00706051,0.00706051
75,368.923,2.01741,1.82392,1.35011,0.99376,0.14286,0.16445,0.07597,2.59002,2.96392,1.80568,0.00698875,0.00698875,0.00698875
76,373.661,1.65059,2.10575,1.26391,0.99376,0.14286,0.16445,0.07597,2.59002,2.96392,1.80568,0.0069165,0.0069165,0.0069165
77,378.269,1.78439,2.01224,1.28381,0.99376,0.14286,0.16445,0.07597,2.59002,2.96392,1.80568,0.00684378,0.00684378,0.00684378
78,382.997,1.95073,2.67542,1.36585,0.99376,0.14286,0.16445,0.07597,2.59002,2.96392,1.80568,0.00677061,0.00677061,0.00677061
79,387.675,1.88546,2.02724,1.32419,0.99376,0.14286,0.16445,0.07597,2.59002,2.96392,1.80568,0.006697,0.006697,0.006697
80,392.507,1.79879,1.99205,1.27618,0.92453,0.278,0.3226,0.14411,2.19815,2.28959,1.49816,0.00662297,0.00662297,0.00662297
81,397.181,1.67427,1.84394,1.25138,0.92453,0.278,0.3226,0.14411,2.19815,2.28959,1.49816,0.00654854,0.00654854,0.00654854
82,401.921,1.98663,1.88453,1.24054,0.92453,0.278,0.3226,0.14411,2.19815,2.28959,1.49816,0.00647373,0.00647373,0.00647373
83,406.518,1.86465,2.24776,1.31593,0.92453,0.278,0.3226,0.14411,2.19815,2.28959,1.49816,0.00639856,0.00639856,0.00639856
84,411.123,1.61279,1.73103,1.19311,0.92453,0.278,0.3226,0.14411,2.19815,2.28959,1.49816,0.00632305,0.00632305,0.00632305
85,415.641,1.59516,1.67088,1.18475,0.92453,0.278,0.3226,0.14411,2.19815,2.28959,1.49816,0.00624721,0.00624721,0.00624721
86,420.21,1.69362,1.85954,1.27854,0.92453,0.278,0.3226,0.14411,2.19815,2.28959,1.49816,0.00617106,0.00617106,0.00617106
87,424.9,1.80954,1.85902,1.24533,0.92453,0.278,0.3226,0.14411,2.19815,2.28959,1.49816,0.00609463,0.00609463,0.00609463
88,430.784,1.73805,1.75495,1.19746,0.95064,0.25108,0.30494,0.13857,2.24769,2.31759,1.46056,0.00601792,0.00601792,0.00601792
89,435.43,1.79251,1.89298,1.3145,0.95064,0.25108,0.30494,0.13857,2.24769,2.31759,1.46056,0.00594097,0.00594097,0.00594097
90,440.231,1.95634,1.93319,1.31673,0.95064,0.25108,0.30494,0.13857,2.24769,2.31759,1.46056,0.00586379,0.00586379,0.00586379
91,444.884,1.90101,1.87207,1.33024,0.95064,0.25108,0.30494,0.13857,2.24769,2.31759,1.46056,0.00578639,0.00578639,0.00578639
92,449.587,1.86259,1.79285,1.23569,0.95064,0.25108,0.30494,0.13857,2.24769,2.31759,1.46056,0.0057088,0.0057088,0.0057088
93,454.227,1.69872,2.03197,1.29047,0.95064,0.25108,0.30494,0.13857,2.24769,2.31759,1.46056,0.00563104,0.00563104,0.00563104
94,458.996,1.84232,1.85032,1.22083,0.95064,0.25108,0.30494,0.13857,2.24769,2.31759,1.46056,0.00555312,0.00555312,0.00555312
95,463.79,1.92125,1.95912,1.31334,0.95064,0.25108,0.30494,0.13857,2.24769,2.31759,1.46056,0.00547507,0.00547507,0.00547507
96,468.469,1.90592,2.852,1.45715,0.92482,0.23191,0.26404,0.13623,2.24309,2.39534,1.51731,0.0053969,0.0053969,0.0053969
97,473.139,1.63668,1.75492,1.23183,0.92482,0.23191,0.26404,0.13623,2.24309,2.39534,1.51731,0.00531864,0.00531864,0.00531864
98,477.78,1.67929,1.50429,1.12585,0.92482,0.23191,0.26404,0.13623,2.24309,2.39534,1.51731,0.0052403,0.0052403,0.0052403
99,482.483,1.48836,2.35943,1.27011,0.92482,0.23191,0.26404,0.13623,2.24309,2.39534,1.51731,0.0051619,0.0051619,0.0051619
100,488.134,1.76119,1.9881,1.26119,0.92482,0.23191,0.26404,0.13623,2.24309,2.39534,1.51731,0.00508346,0.00508346,0.00508346
101,493.232,1.80161,1.75376,1.29381,0.92482,0.23191,0.26404,0.13623,2.24309,2.39534,1.51731,0.005005,0.005005,0.005005
102,497.967,1.57337,1.53626,1.1443,0.92482,0.23191,0.26404,0.13623,2.24309,2.39534,1.51731,0.00492654,0.00492654,0.00492654
103,502.855,1.63558,1.89333,1.30039,0.92482,0.23191,0.26404,0.13623,2.24309,2.39534,1.51731,0.0048481,0.0048481,0.0048481
104,507.603,1.81044,1.86313,1.17098,0.90316,0.22968,0.26126,0.12276,2.24695,2.27017,1.49597,0.0047697,0.0047697,0.0047697
105,512.322,1.6536,1.87145,1.20767,0.90316,0.22968,0.26126,0.12276,2.24695,2.27017,1.49597,0.00469136,0.00469136,0.00469136
106,517.023,1.79417,2.17506,1.31149,0.90316,0.22968,0.26126,0.12276,2.24695,2.27017,1.49597,0.0046131,0.0046131,0.0046131
107,521.761,1.61182,1.89846,1.21179,0.90316,0.22968,0.26126,0.12276,2.24695,2.27017,1.49597,0.00453493,0.00453493,0.00453493
108,526.566,1.77545,2.18011,1.34019,0.90316,0.22968,0.26126,0.12276,2.24695,2.27017,1.49597,0.00445688,0.00445688,0.00445688
109,531.29,1.76389,1.73038,1.30669,0.90316,0.22968,0.26126,0.12276,2.24695,2.27017,1.49597,0.00437896,0.00437896,0.00437896
110,535.913,1.62247,1.74314,1.23485,0.90316,0.22968,0.26126,0.12276,2.24695,2.27017,1.49597,0.0043012,0.0043012,0.0043012
111,540.518,1.85913,1.86436,1.25555,0.90316,0.22968,0.26126,0.12276,2.24695,2.27017,1.49597,0.00422361,0.00422361,0.00422361
112,545.368,1.8725,1.94432,1.27043,0.98324,0.23377,0.24964,0.12845,2.07555,2.1562,1.46363,0.00414621,0.00414621,0.00414621
113,550.967,1.61297,1.9043,1.22511,0.98324,0.23377,0.24964,0.12845,2.07555,2.1562,1.46363,0.00406903,0.00406903,0.00406903
114,555.888,1.52289,1.71089,1.17397,0.98324,0.23377,0.24964,0.12845,2.07555,2.1562,1.46363,0.00399208,0.00399208,0.00399208
115,560.515,1.65419,1.58349,1.12697,0.98324,0.23377,0.24964,0.12845,2.07555,2.1562,1.46363,0.00391537,0.00391537,0.00391537
116,565.225,1.47341,1.73769,1.18672,0.98324,0.23377,0.24964,0.12845,2.07555,2.1562,1.46363,0.00383894,0.00383894,0.00383894
117,569.83,1.51653,1.97247,1.20193,0.98324,0.23377,0.24964,0.12845,2.07555,2.1562,1.46363,0.00376279,0.00376279,0.00376279
118,574.593,1.76848,2.22586,1.35553,0.98324,0.23377,0.24964,0.12845,2.07555,2.1562,1.46363,0.00368695,0.00368695,0.00368695
119,579.359,1.77537,1.80279,1.2212,0.98324,0.23377,0.24964,0.12845,2.07555,2.1562,1.46363,0.00361144,0.00361144,0.00361144
120,584.222,1.65631,1.77241,1.22885,0.97058,0.27941,0.32144,0.16138,2.06321,2.12988,1.37952,0.00353627,0.00353627,0.00353627
121,588.853,1.50168,1.55182,1.11634,0.97058,0.27941,0.32144,0.16138,2.06321,2.12988,1.37952,0.00346146,0.00346146,0.00346146
122,593.534,1.75164,1.66902,1.23233,0.97058,0.27941,0.32144,0.16138,2.06321,2.12988,1.37952,0.00338703,0.00338703,0.00338703
123,598.179,1.65818,1.92386,1.29636,0.97058,0.27941,0.32144,0.16138,2.06321,2.12988,1.37952,0.003313,0.003313,0.003313
124,602.821,1.62056,1.53251,1.1665,0.97058,0.27941,0.32144,0.16138,2.06321,2.12988,1.37952,0.00323939,0.00323939,0.00323939
125,607.679,1.62285,1.80263,1.2298,0.97058,0.27941,0.32144,0.16138,2.06321,2.12988,1.37952,0.00316622,0.00316622,0.00316622
126,612.317,1.57159,1.67577,1.16437,0.97058,0.27941,0.32144,0.16138,2.06321,2.12988,1.37952,0.0030935,0.0030935,0.0030935
127,616.936,1.49639,1.61869,1.20195,0.97058,0.27941,0.32144,0.16138,2.06321,2.12988,1.37952,0.00302125,0.00302125,0.00302125
128,621.841,1.64081,1.68546,1.15562,0.88571,0.28139,0.31759,0.15285,1.8813,2.13722,1.27752,0.00294949,0.00294949,0.00294949
129,626.492,1.72683,1.78291,1.27295,0.88571,0.28139,0.31759,0.15285,1.8813,2.13722,1.27752,0.00287823,0.00287823,0.00287823
130,631.128,1.62466,1.70248,1.18734,0.88571,0.28139,0.31759,0.15285,1.8813,2.13722,1.27752,0.0028075,0.0028075,0.0028075
131,635.73,1.42585,1.55647,1.12361,0.88571,0.28139,0.31759,0.15285,1.8813,2.13722,1.27752,0.00273732,0.00273732,0.00273732
132,640.583,1.63525,1.74458,1.23242,0.88571,0.28139,0.31759,0.15285,1.8813,2.13722,1.27752,0.00266769,0.00266769,0.00266769
133,645.212,1.76444,2.06985,1.33999,0.88571,0.28139,0.31759,0.15285,1.8813,2.13722,1.27752,0.00259864,0.00259864,0.00259864
134,649.922,1.60137,1.87104,1.18684,0.88571,0.28139,0.31759,0.15285,1.8813,2.13722,1.27752,0.00253018,0.00253018,0.00253018
135,654.555,1.65136,1.66308,1.20115,0.88571,0.28139,0.31759,0.15285,1.8813,2.13722,1.27752,0.00246234,0.00246234,0.00246234
136,659.234,1.43499,1.64304,1.11527,0.82849,0.27656,0.3413,0.18078,2.04461,2.04648,1.26777,0.00239512,0.00239512,0.00239512
137,664.054,1.66978,1.56299,1.2342,0.82849,0.27656,0.3413,0.18078,2.04461,2.04648,1.26777,0.00232855,0.00232855,0.00232855
138,668.85,1.52362,1.69614,1.25025,0.82849,0.27656,0.3413,0.18078,2.04461,2.04648,1.26777,0.00226263,0.00226263,0.00226263
139,675.145,1.67315,1.58975,1.20653,0.82849,0.27656,0.3413,0.18078,2.04461,2.04648,1.26777,0.00219739,0.00219739,0.00219739
140,680.188,1.66975,1.64563,1.19597,0.82849,0.27656,0.3413,0.18078,2.04461,2.04648,1.26777,0.00213285,0.00213285,0.00213285
141,684.888,1.57592,1.95207,1.24184,0.82849,0.27656,0.3413,0.18078,2.04461,2.04648,1.26777,0.00206901,0.00206901,0.00206901
142,689.534,1.62719,1.48295,1.09377,0.82849,0.27656,0.3413,0.18078,2.04461,2.04648,1.26777,0.0020059,0.0020059,0.0020059
143,694.223,1.81831,2.13074,1.22493,0.82849,0.27656,0.3413,0.18078,2.04461,2.04648,1.26777,0.00194353,0.00194353,0.00194353
144,699.006,1.69229,1.6405,1.24394,0.83643,0.35894,0.39145,0.21279,1.96091,1.84338,1.24736,0.00188191,0.00188191,0.00188191
145,704.028,1.7413,1.90879,1.32169,0.83643,0.35894,0.39145,0.21279,1.96091,1.84338,1.24736,0.00182107,0.00182107,0.00182107
146,708.854,1.57369,1.39621,1.15498,0.83643,0.35894,0.39145,0.21279,1.96091,1.84338,1.24736,0.00176101,0.00176101,0.00176101
147,713.613,1.56384,1.95269,1.23706,0.83643,0.35894,0.39145,0.21279,1.96091,1.84338,1.24736,0.00170175,0.00170175,0.00170175
148,718.329,1.67482,1.44064,1.16874,0.83643,0.35894,0.39145,0.21279,1.96091,1.84338,1.24736,0.0016433,0.0016433,0.0016433
149,722.98,1.62484,1.76647,1.2453,0.83643,0.35894,0.39145,0.21279,1.96091,1.84338,1.24736,0.00158569,0.00158569,0.00158569
150,727.894,1.63375,1.78477,1.19362,0.83643,0.35894,0.39145,0.21279,1.96091,1.84338,1.24736,0.00152892,0.00152892,0.00152892
151,732.768,1.39199,1.56039,1.16101,0.83643,0.35894,0.39145,0.21279,1.96091,1.84338,1.24736,0.001473,0.001473,0.001473
152,737.671,1.52209,1.69001,1.15718,0.8514,0.41188,0.4249,0.22286,1.99942,1.83149,1.24711,0.00141796,0.00141796,0.00141796
153,742.546,1.39718,1.45422,1.08507,0.8514,0.41188,0.4249,0.22286,1.99942,1.83149,1.24711,0.0013638,0.0013638,0.0013638
154,747.314,1.57185,1.70938,1.17772,0.8514,0.41188,0.4249,0.22286,1.99942,1.83149,1.24711,0.00131054,0.00131054,0.00131054
155,751.967,1.56804,1.50273,1.14489,0.8514,0.41188,0.4249,0.22286,1.99942,1.83149,1.24711,0.0012582,0.0012582,0.0012582
156,756.686,1.394,1.73984,1.10257,0.8514,0.41188,0.4249,0.22286,1.99942,1.83149,1.24711,0.00120677,0.00120677,0.00120677
157,761.56,1.56617,1.62708,1.20413,0.8514,0.41188,0.4249,0.22286,1.99942,1.83149,1.24711,0.00115629,0.00115629,0.00115629
158,766.441,1.73146,1.5625,1.18678,0.8514,0.41188,0.4249,0.22286,1.99942,1.83149,1.24711,0.00110675,0.00110675,0.00110675
159,771.098,1.65256,2.01917,1.34187,0.8514,0.41188,0.4249,0.22286,1.99942,1.83149,1.24711,0.00105818,0.00105818,0.00105818
160,775.819,1.54615,1.50041,1.17199,0.89049,0.40887,0.44372,0.22711,1.85742,1.76906,1.21436,0.00101058,0.00101058,0.00101058
161,780.465,1.27844,1.54801,1.08834,0.89049,0.40887,0.44372,0.22711,1.85742,1.76906,1.21436,0.00096396,0.00096396,0.00096396
162,785.207,1.42305,1.59246,1.05326,0.89049,0.40887,0.44372,0.22711,1.85742,1.76906,1.21436,0.000918342,0.000918342,0.000918342
163,789.998,1.48445,1.68084,1.11141,0.89049,0.40887,0.44372,0.22711,1.85742,1.76906,1.21436,0.000873733,0.000873733,0.000873733
164,794.676,1.79908,1.64061,1.24618,0.89049,0.40887,0.44372,0.22711,1.85742,1.76906,1.21436,0.000830142,0.000830142,0.000830142
165,799.324,1.56124,1.55684,1.13091,0.89049,0.40887,0.44372,0.22711,1.85742,1.76906,1.21436,0.000787582,0.000787582,0.000787582
166,804.152,1.49525,1.78867,1.13727,0.89049,0.40887,0.44372,0.22711,1.85742,1.76906,1.21436,0.000746062,0.000746062,0.000746062
167,808.78,1.48323,1.46818,1.10351,0.89049,0.40887,0.44372,0.22711,1.85742,1.76906,1.21436,0.000705594,0.000705594,0.000705594
168,813.429,1.3484,1.36398,1.07866,0.91322,0.39523,0.42956,0.22466,1.86628,1.84849,1.23215,0.000666186,0.000666186,0.000666186
169,818.211,1.69692,1.67306,1.23186,0.91322,0.39523,0.42956,0.22466,1.86628,1.84849,1.23215,0.000627848,0.000627848,0.000627848
170,822.822,1.51704,1.44648,1.15713,0.91322,0.39523,0.42956,0.22466,1.86628,1.84849,1.23215,0.000590591,0.000590591,0.000590591
171,827.939,1.798,2.02243,1.27373,0.91322,0.39523,0.42956,0.22466,1.86628,1.84849,1.23215,0.000554422,0.000554422,0.000554422
172,832.919,1.57932,1.47139,1.13136,0.91322,0.39523,0.42956,0.22466,1.86628,1.84849,1.23215,0.000519352,0.000519352,0.000519352
173,837.658,1.46895,1.62829,1.12526,0.91322,0.39523,0.42956,0.22466,1.86628,1.84849,1.23215,0.000485389,0.000485389,0.000485389
174,842.376,1.5739,1.54015,1.19896,0.91322,0.39523,0.42956,0.22466,1.86628,1.84849,1.23215,0.000452541,0.000452541,0.000452541
175,847.294,1.47834,1.42909,1.10431,0.91322,0.39523,0.42956,0.22466,1.86628,1.84849,1.23215,0.000420816,0.000420816,0.000420816
176,852.212,1.72137,1.81343,1.28768,0.93063,0.4296,0.43632,0.23072,1.86986,1.82796,1.20974,0.000390222,0.000390222,0.000390222
177,856.947,1.48856,1.47421,1.09428,0.93063,0.4296,0.43632,0.23072,1.86986,1.82796,1.20974,0.000360766,0.000360766,0.000360766
178,861.615,1.70789,1.66614,1.22509,0.93063,0.4296,0.43632,0.23072,1.86986,1.82796,1.20974,0.000332457,0.000332457,0.000332457
179,866.616,1.82892,1.81381,1.30677,0.93063,0.4296,0.43632,0.23072,1.86986,1.82796,1.20974,0.000305301,0.000305301,0.000305301
180,871.283,1.64111,1.71173,1.25199,0.93063,0.4296,0.43632,0.23072,1.86986,1.82796,1.20974,0.000279304,0.000279304,0.000279304
181,876.015,1.51098,1.58669,1.18502,0.93063,0.4296,0.43632,0.23072,1.86986,1.82796,1.20974,0.000254473,0.000254473,0.000254473
182,880.74,1.78449,1.61442,1.25466,0.93063,0.4296,0.43632,0.23072,1.86986,1.82796,1.20974,0.000230814,0.000230814,0.000230814
183,885.414,1.52503,1.51612,1.17376,0.93063,0.4296,0.43632,0.23072,1.86986,1.82796,1.20974,0.000208333,0.000208333,0.000208333
184,890.059,1.44473,1.54739,1.16255,0.91997,0.40121,0.42861,0.22349,1.89746,1.79832,1.22868,0.000187036,0.000187036,0.000187036
185,894.658,1.6907,2.02956,1.33064,0.91997,0.40121,0.42861,0.22349,1.89746,1.79832,1.22868,0.000166927,0.000166927,0.000166927
186,899.456,1.45226,1.35448,1.08552,0.91997,0.40121,0.42861,0.22349,1.89746,1.79832,1.22868,0.000148012,0.000148012,0.000148012
187,904.143,1.35455,1.41248,1.02617,0.91997,0.40121,0.42861,0.22349,1.89746,1.79832,1.22868,0.000130296,0.000130296,0.000130296
188,908.959,1.63693,1.75129,1.22258,0.91997,0.40121,0.42861,0.22349,1.89746,1.79832,1.22868,0.000113782,0.000113782,0.000113782
189,913.708,1.61505,1.53352,1.19329,0.91997,0.40121,0.42861,0.22349,1.89746,1.79832,1.22868,9.84752e-05,9.84752e-05,9.84752e-05
190,918.449,1.90122,1.95965,1.41756,0.91997,0.40121,0.42861,0.22349,1.89746,1.79832,1.22868,8.43789e-05,8.43789e-05,8.43789e-05
191,923.058,1.49286,1.5623,1.0898,0.91997,0.40121,0.42861,0.22349,1.89746,1.79832,1.22868,7.14967e-05,7.14967e-05,7.14967e-05
192,927.74,1.40457,1.53118,1.14078,0.92983,0.415,0.43963,0.23169,1.92122,1.7605,1.2301,5.98318e-05,5.98318e-05,5.98318e-05
193,932.331,1.4805,1.77783,1.1286,0.92983,0.415,0.43963,0.23169,1.92122,1.7605,1.2301,4.93871e-05,4.93871e-05,4.93871e-05
194,937.024,1.54245,1.63032,1.11608,0.92983,0.415,0.43963,0.23169,1.92122,1.7605,1.2301,4.0165e-05,4.0165e-05,4.0165e-05
195,941.642,1.48401,1.53677,1.18815,0.92983,0.415,0.43963,0.23169,1.92122,1.7605,1.2301,3.2168e-05,3.2168e-05,3.2168e-05
196,946.195,1.41847,1.64382,1.10424,0.92983,0.415,0.43963,0.23169,1.92122,1.7605,1.2301,2.53979e-05,2.53979e-05,2.53979e-05
197,950.799,1.48414,1.52595,1.09527,0.92983,0.415,0.43963,0.23169,1.92122,1.7605,1.2301,1.98565e-05,1.98565e-05,1.98565e-05
198,955.342,1.58074,1.69648,1.12572,0.92983,0.415,0.43963,0.23169,1.92122,1.7605,1.2301,1.55451e-05,1.55451e-05,1.55451e-05
199,959.973,1.53732,1.49636,1.1152,0.92983,0.415,0.43963,0.23169,1.92122,1.7605,1.2301,1.24647e-05,1.24647e-05,1.24647e-05
200,964.592,1.49871,1.58225,1.11439,0.86487,0.35498,0.44588,0.20882,1.8743,1.81917,1.20656,1.06162e-05,1.06162e-05,1.06162e-05
